type,class,message,file,line,code
Return,DirectReturn,Inv #,shared_libs\core\financial\models.py,57,"return f""Inv #{self.invoice_number}"""
Return,DirectReturn,Quote #,shared_libs\core\financial\models.py,133,"return f""Quote #{self.quotation_number}"""
Return,DirectReturn, - ,shared_libs\core\financial\models.py,172,"return f""{self.name} - {self.amount:,} تومان"""
Return,DirectReturn, تومان,shared_libs\core\financial\models.py,172,"return f""{self.name} - {self.amount:,} تومان"""
Return,DirectReturn, (,shared_libs\core\order\models.py,45,"return f""{self.name} ({self.code})"""
Return,DirectReturn,),shared_libs\core\order\models.py,45,"return f""{self.name} ({self.code})"""
Return,DirectReturn, (,shared_libs\core\order\models.py,101,"return f""{self.name} ({self.internal_code})"""
Return,DirectReturn,),shared_libs\core\order\models.py,101,"return f""{self.name} ({self.internal_code})"""
Return,DirectReturn, | ,shared_libs\core\order\models.py,207,"return f""{self.order_code} | {self.user}"""
Return,DirectReturn, (x,shared_libs\core\order\models.py,279,"return f""{self.product.name if self.product else 'بدون محصول'} (x{self.quantity})"""
Return,DirectReturn,),shared_libs\core\order\models.py,279,"return f""{self.product.name if self.product else 'بدون محصول'} (x{self.quantity})"""
Return,DirectReturn,File v,shared_libs\core\order\models.py,324,"return f""File v{self.version}"""
Return,DirectReturn,: ,shared_libs\core\order\models.py,383,"return f""{self.order.order_code}: {self.from_status} -> {self.to_status}"""
Return,DirectReturn, -> ,shared_libs\core\order\models.py,383,"return f""{self.order.order_code}: {self.from_status} -> {self.to_status}"""
Exception,ValidationError,‌دسته‌بندی با این نام قبلا ساخته شده است.,shared_libs\core\product\models.py,159,raise ValidationError('‌دسته‌بندی با این نام قبلا ساخته شده است.')
Return,DirectReturn, -> ,shared_libs\core\product\models.py,215,"return f""{self.product.name} -> {self.category.name}"""
Exception,ValidationError,محصول باید قیمت داشته باشد,shared_libs\core\product\models.py,279,raise ValidationError('محصول باید قیمت داشته باشد')
Exception,ValidationError,نمی توانید تیک گزینه قیمت رو نزنید و سپس قیمت را وارد کنید.,shared_libs\core\product\models.py,281,raise ValidationError('نمی توانید تیک گزینه قیمت رو نزنید و سپس قیمت را وارد کنید.')
Exception,ValidationError,محصول با این نام قبلا ساخته شده است.,shared_libs\core\product\models.py,288,raise ValidationError('محصول با این نام قبلا ساخته شده است.')
Return,DirectReturn, - ,shared_libs\core\product\models.py,300,"return f""{self.name} - {self.code}"""
Return,DirectReturn, -> ,shared_libs\core\product\models.py,373,"return f""{self.field.title} -> {self.title}"""
Return,DirectReturn, - ,shared_libs\core\product\models.py,401,"return f""{self.product.name} - {self.field_dict.title}"""
Return,DirectReturn, -> ,shared_libs\core\product\models.py,449,"return f""{self.product_field} -> {self.choice_dict.title} (Value: {self.numeric_value})"""
Return,DirectReturn, (Value: ,shared_libs\core\product\models.py,449,"return f""{self.product_field} -> {self.choice_dict.title} (Value: {self.numeric_value})"""
Return,DirectReturn,),shared_libs\core\product\models.py,449,"return f""{self.product_field} -> {self.choice_dict.title} (Value: {self.numeric_value})"""
Return,DirectReturn,If ,shared_libs\core\product\models.py,481,"return f""If {self.trigger_field.field_dict.title} {self.operator} -> {self.action} {self.target_field.field_dict.title}"""
Return,DirectReturn, -> ,shared_libs\core\product\models.py,481,"return f""If {self.trigger_field.field_dict.title} {self.operator} -> {self.action} {self.target_field.field_dict.title}"""
Return,DirectReturn, - ,shared_libs\core\product\models.py,511,"return f""{self.product.name} - {self.title}"""
Return,DirectReturn, -> ,shared_libs\core\product\models.py,592,"return f""{self.user.username} -> {self.product.name}: {self.score}"""
Return,DirectReturn,: ,shared_libs\core\product\models.py,592,"return f""{self.user.username} -> {self.product.name}: {self.score}"""
Return,DirectReturn, on ,shared_libs\core\product\models.py,669,"return f""{self.name} on {self.product.name}"""
Return,DirectReturn, - ,shared_libs\core\users\models.py,103,"return f""{self.user.username} - {self.role.name}"""
Exception,NotFound,سفارش مورد نظر یافت نشد.,shared_libs\core\financial\services\invoice_service.py,18,"raise NotFound(""سفارش مورد نظر یافت نشد."")"
Exception,ValidationError,برای این سفارش قبلاً فاکتور صادر شده است.,shared_libs\core\financial\services\invoice_service.py,21,"raise ValidationError(""برای این سفارش قبلاً فاکتور صادر شده است."")"
Exception,NotFound,فاکتوری برای این سفارش یافت نشد.,shared_libs\core\financial\services\invoice_service.py,36,"raise NotFound(""فاکتوری برای این سفارش یافت نشد."")"
Exception,NotFound,فاکتور مورد نظر یافت نشد.,shared_libs\core\financial\services\invoice_service.py,44,"raise NotFound(""فاکتور مورد نظر یافت نشد."")"
Exception,NotFound,فاکتور مورد نظر یافت نشد.,shared_libs\core\financial\services\invoice_service.py,57,"raise NotFound(""فاکتور مورد نظر یافت نشد."")"
Exception,NotFound,فاکتور مورد نظر یافت نشد.,shared_libs\core\financial\services\invoice_service.py,65,"raise NotFound(""فاکتور مورد نظر یافت نشد."")"
Exception,NotFound,فاکتور مورد نظر یافت نشد.,shared_libs\core\financial\services\invoice_service.py,77,"raise NotFound(""فاکتور مورد نظر یافت نشد."")"
Exception,ValidationError,وضعیت نامعتبر است. مجاز: ,shared_libs\core\financial\services\invoice_service.py,81,"raise ValidationError(f""وضعیت نامعتبر است. مجاز: {valid_statuses}"")"
Exception,NotFound,سفارش مورد نظر یافت نشد.,shared_libs\core\financial\services\quotation_service.py,13,"raise NotFound(""سفارش مورد نظر یافت نشد."")"
Exception,ValidationError,برای این سفارش قبلاً پیش‌فاکتور صادر شده است.,shared_libs\core\financial\services\quotation_service.py,16,"raise ValidationError(""برای این سفارش قبلاً پیش‌فاکتور صادر شده است."")"
Exception,NotFound,پیش‌فاکتوری برای این سفارش یافت نشد.,shared_libs\core\financial\services\quotation_service.py,34,"raise NotFound(""پیش‌فاکتوری برای این سفارش یافت نشد."")"
Exception,NotFound,پیش‌فاکتور مورد نظر یافت نشد.,shared_libs\core\financial\services\quotation_service.py,42,"raise NotFound(""پیش‌فاکتور مورد نظر یافت نشد."")"
Exception,NotFound,پیش‌فاکتور مورد نظر یافت نشد.,shared_libs\core\financial\services\quotation_service.py,55,"raise NotFound(""پیش‌فاکتور مورد نظر یافت نشد."")"
Exception,NotFound,پیش‌فاکتور مورد نظر یافت نشد.,shared_libs\core\financial\services\quotation_service.py,63,"raise NotFound(""پیش‌فاکتور مورد نظر یافت نشد."")"
Exception,NotFound,پیش‌فاکتور مورد نظر یافت نشد.,shared_libs\core\financial\services\quotation_service.py,74,"raise NotFound(""پیش‌فاکتور مورد نظر یافت نشد."")"
Exception,ValidationError,وضعیت نامعتبر است. مجاز: ,shared_libs\core\financial\services\quotation_service.py,78,"raise ValidationError(f""وضعیت نامعتبر است. مجاز: {valid_statuses}"")"
Return,DirectReturn,ORD-,shared_libs\core\order\services\order.py,23,"return f""ORD-{uuid.uuid4().hex[:8].upper()}"""
Exception,OrderNotFoundException,سفارش با شناسه ,shared_libs\core\order\services\order.py,34,"raise OrderNotFoundException(f""سفارش با شناسه {order_id} یافت نشد"")"
Exception,OrderNotFoundException, یافت نشد,shared_libs\core\order\services\order.py,34,"raise OrderNotFoundException(f""سفارش با شناسه {order_id} یافت نشد"")"
Exception,OrderNotFoundException,سفارش یافت نشد,shared_libs\core\order\services\order.py,39,"raise OrderNotFoundException(""سفارش یافت نشد"")"
Exception,ValidationError,این آدرس متعلق به کاربر مشخص‌شده نیست.,shared_libs\core\order\services\order.py,94,"raise ValidationError(""این آدرس متعلق به کاربر مشخص‌شده نیست."")"
Exception,ValidationError,آدرسی با شناسه ,shared_libs\core\order\services\order.py,96,"raise ValidationError(f""آدرسی با شناسه {address_id} یافت نشد."")"
Exception,ValidationError, یافت نشد.,shared_libs\core\order\services\order.py,96,"raise ValidationError(f""آدرسی با شناسه {address_id} یافت نشد."")"
Exception,ValidationError,محصولی با شناسه ,shared_libs\core\order\services\order.py,113,"raise ValidationError(f""محصولی با شناسه {product_id} یافت نشد."")"
Exception,ValidationError, یافت نشد.,shared_libs\core\order\services\order.py,113,"raise ValidationError(f""محصولی با شناسه {product_id} یافت نشد."")"
Exception,ValidationError,محصولی با شناسه ,shared_libs\core\order\services\order.py,205,"raise ValidationError(f""محصولی با شناسه {product_id} یافت نشد."")"
Exception,ValidationError, یافت نشد.,shared_libs\core\order\services\order.py,205,"raise ValidationError(f""محصولی با شناسه {product_id} یافت نشد."")"
Exception,ValidationError,برای ایجاد آیتم جدید، product_id الزامی است.,shared_libs\core\order\services\order.py,246,"raise ValidationError(""برای ایجاد آیتم جدید، product_id الزامی است."")"
Exception,ValidationError,وضعیتی با کد سیستمی ,shared_libs\core\order\services\order.py,281,"raise ValidationError(f""وضعیتی با کد سیستمی {status_code} یافت نشد."")"
Exception,ValidationError, یافت نشد.,shared_libs\core\order\services\order.py,281,"raise ValidationError(f""وضعیتی با کد سیستمی {status_code} یافت نشد."")"
Exception,ValidationError,وضعیتی با کد سیستمی ,shared_libs\core\order\services\order.py,314,"raise ValidationError(f""وضعیتی با کد سیستمی {status_code} یافت نشد."")"
Exception,ValidationError, یافت نشد.,shared_libs\core\order\services\order.py,314,"raise ValidationError(f""وضعیتی با کد سیستمی {status_code} یافت نشد."")"
Return,DirectReturn, سفارش با موفقیت حذف شدند.,shared_libs\core\order\services\order.py,342,"return {
            ""requested_count"": len(order_ids),
            ""deleted_count"": count_to_delete,
            ""skipped_count"": len(not_found_ids),
            ""deleted_ids"": deleted_ids,
            ""not_found_ids"": not_found_ids,
            ""message"": f""{count_to_delete} سفارش با موفقیت حذف شدند.""
        }"
Exception,ProductCategoryNotFoundException,دسته‌بندی با اسلاگ ',shared_libs\core\product\managers\category.py,51,"raise ProductCategoryNotFoundException(f""دسته‌بندی با اسلاگ '{slug}' یافت نشد."")"
Exception,ProductCategoryNotFoundException,' یافت نشد.,shared_libs\core\product\managers\category.py,51,"raise ProductCategoryNotFoundException(f""دسته‌بندی با اسلاگ '{slug}' یافت نشد."")"
Exception,InvalidProductDataException,خطای محاسباتی: تقسیم بر صفر در فرمول محصول وجود دارد.,shared_libs\core\product\services\calculator.py,68,"raise InvalidProductDataException(""خطای محاسباتی: تقسیم بر صفر در فرمول محصول وجود دارد."")"
Exception,InvalidProductDataException,خطا در تجزیه و محاسبه فرمول: ,shared_libs\core\product\services\calculator.py,70,"raise InvalidProductDataException(f""خطا در تجزیه و محاسبه فرمول: {str(e)}"")"
Exception,TypeError,عملگر ',shared_libs\core\product\services\calculator.py,88,"raise TypeError(f""عملگر '{type(node.op).__name__}' پشتیبانی نمی‌شود"")"
Exception,TypeError,' پشتیبانی نمی‌شود,shared_libs\core\product\services\calculator.py,88,"raise TypeError(f""عملگر '{type(node.op).__name__}' پشتیبانی نمی‌شود"")"
Exception,TypeError,عملگر ',shared_libs\core\product\services\calculator.py,96,"raise TypeError(f""عملگر '{type(node.op).__name__}' پشتیبانی نمی‌شود"")"
Exception,TypeError,' پشتیبانی نمی‌شود,shared_libs\core\product\services\calculator.py,96,"raise TypeError(f""عملگر '{type(node.op).__name__}' پشتیبانی نمی‌شود"")"
Exception,TypeError,عملگر مقایسه ',shared_libs\core\product\services\calculator.py,106,"raise TypeError(f""عملگر مقایسه '{type(op).__name__}' پشتیبانی نمی‌شود"")"
Exception,TypeError,' پشتیبانی نمی‌شود,shared_libs\core\product\services\calculator.py,106,"raise TypeError(f""عملگر مقایسه '{type(op).__name__}' پشتیبانی نمی‌شود"")"
Exception,TypeError,عملگر منطقی ',shared_libs\core\product\services\calculator.py,116,"raise TypeError(f""عملگر منطقی '{type(node.op).__name__}' پشتیبانی نمی‌شود"")"
Exception,TypeError,' پشتیبانی نمی‌شود,shared_libs\core\product\services\calculator.py,116,"raise TypeError(f""عملگر منطقی '{type(node.op).__name__}' پشتیبانی نمی‌شود"")"
Exception,TypeError,ساختار نامعتبر در فرمول: ,shared_libs\core\product\services\calculator.py,124,"raise TypeError(f""ساختار نامعتبر در فرمول: {type(node).__name__}"")"
Exception,ValidationError,محصول مورد نظر یافت نشد.,shared_libs\core\product\services\calculator.py,224,"raise ValidationError(""محصول مورد نظر یافت نشد."")"
Exception,InvalidProductDataException,مقدار انتخابی برای ',shared_libs\core\product\services\calculator.py,254,"raise InvalidProductDataException(
                            f""مقدار انتخابی برای '{field_dict.title}' نامعتبر است.""
                        )"
Exception,InvalidProductDataException,' نامعتبر است.,shared_libs\core\product\services\calculator.py,254,"raise InvalidProductDataException(
                            f""مقدار انتخابی برای '{field_dict.title}' نامعتبر است.""
                        )"
Exception,InvalidProductDataException,مقادیر ارسالی برای فیلد ',shared_libs\core\product\services\calculator.py,276,"raise InvalidProductDataException(
                            f""مقادیر ارسالی برای فیلد '{field_dict.title}' معتبر نیست.""
                        )"
Exception,InvalidProductDataException,' معتبر نیست.,shared_libs\core\product\services\calculator.py,276,"raise InvalidProductDataException(
                            f""مقادیر ارسالی برای فیلد '{field_dict.title}' معتبر نیست.""
                        )"
Exception,InvalidProductDataException,خطا: تقسیم بر صفر در گزینه‌های ',shared_libs\core\product\services\calculator.py,294,"raise InvalidProductDataException(
                                    f""خطا: تقسیم بر صفر در گزینه‌های '{field_dict.title}'.""
                                )"
Exception,InvalidProductDataException,'.,shared_libs\core\product\services\calculator.py,294,"raise InvalidProductDataException(
                                    f""خطا: تقسیم بر صفر در گزینه‌های '{field_dict.title}'.""
                                )"
Exception,InvalidProductDataException,مقدار وارد شده در فیلد ',shared_libs\core\product\services\calculator.py,319,"raise InvalidProductDataException(
                            f""مقدار وارد شده در فیلد '{field_dict.title}' باید عدد باشد.""
                        )"
Exception,InvalidProductDataException,' باید عدد باشد.,shared_libs\core\product\services\calculator.py,319,"raise InvalidProductDataException(
                            f""مقدار وارد شده در فیلد '{field_dict.title}' باید عدد باشد.""
                        )"
Exception,InvalidProductDataException,پر کردن فیلد ',shared_libs\core\product\services\calculator.py,333,"raise InvalidProductDataException(
                    f""پر کردن فیلد '{field_dict.title}' الزامی است.""
                )"
Exception,InvalidProductDataException,' الزامی است.,shared_libs\core\product\services\calculator.py,333,"raise InvalidProductDataException(
                    f""پر کردن فیلد '{field_dict.title}' الزامی است.""
                )"
Exception,ProductCategoryHasDependencyException,دسته‌بندی قابل حذف نیست، چون وابستگی‌هایی دارد.,shared_libs\core\product\services\category.py,118,"raise ProductCategoryHasDependencyException(""دسته‌بندی قابل حذف نیست، چون وابستگی‌هایی دارد."")"
Exception,ProductCategoryHasDependencyException,برخی دسته‌بندی‌ها قابل حذف نیستند چون وابستگی دارند.,shared_libs\core\product\services\category.py,131,"raise ProductCategoryHasDependencyException(""برخی دسته‌بندی‌ها قابل حذف نیستند چون وابستگی دارند."")"
Exception,OverRatingNumberException,امتیاز باید بین ۱ تا ۵ باشد.,shared_libs\core\product\services\feedback.py,23,"raise OverRatingNumberException(""امتیاز باید بین ۱ تا ۵ باشد."")"
Exception,NotBuyerException,برای ثبت نظر، ابتدا باید این محصول را خریداری کرده باشید.,shared_libs\core\product\services\feedback.py,48,"raise NotBuyerException(""برای ثبت نظر، ابتدا باید این محصول را خریداری کرده باشید."")"
Exception,ValidationError,محصول یافت نشد.,shared_libs\core\product\services\media.py,20,"raise ValidationError(""محصول یافت نشد."")"
Exception,ProductImageNotFoundException,تصویری با شناسه ,shared_libs\core\product\services\media.py,31,"raise ProductImageNotFoundException(f""تصویری با شناسه {image_id} برای این محصول یافت نشد."")"
Exception,ProductImageNotFoundException, برای این محصول یافت نشد.,shared_libs\core\product\services\media.py,31,"raise ProductImageNotFoundException(f""تصویری با شناسه {image_id} برای این محصول یافت نشد."")"
Exception,ValidationError,تصویر ,shared_libs\core\product\services\media.py,47,"raise ValidationError(f""تصویر {img_id} متعلق به این محصول نیست. - محصول: {img.product_id}"")"
Exception,ValidationError, متعلق به این محصول نیست. - محصول: ,shared_libs\core\product\services\media.py,47,"raise ValidationError(f""تصویر {img_id} متعلق به این محصول نیست. - محصول: {img.product_id}"")"
Exception,ValidationError,محصول یافت نشد.,shared_libs\core\product\services\media.py,59,"raise ValidationError(""محصول یافت نشد."")"
Exception,AttachmentNotFoundException,فایل پیوستی با شناسه ,shared_libs\core\product\services\media.py,74,"raise AttachmentNotFoundException(f""فایل پیوستی با شناسه {attachment_id} برای این محصول یافت نشد."")"
Exception,AttachmentNotFoundException, برای این محصول یافت نشد.,shared_libs\core\product\services\media.py,74,"raise AttachmentNotFoundException(f""فایل پیوستی با شناسه {attachment_id} برای این محصول یافت نشد."")"
Exception,ProductNotFoundException,محصول با شناسه ,shared_libs\core\product\services\product.py,36,"raise ProductNotFoundException(f""محصول با شناسه {product_id} یافت نشد."")"
Exception,ProductNotFoundException, یافت نشد.,shared_libs\core\product\services\product.py,36,"raise ProductNotFoundException(f""محصول با شناسه {product_id} یافت نشد."")"
Exception,ProductNotFoundException,محصول با اسلاگ ',shared_libs\core\product\services\product.py,52,"raise ProductNotFoundException(f""محصول با اسلاگ '{slug}' یافت نشد."")"
Exception,ProductNotFoundException,' یافت نشد.,shared_libs\core\product\services\product.py,52,"raise ProductNotFoundException(f""محصول با اسلاگ '{slug}' یافت نشد."")"
Exception,ProductNotFoundException,محصول یافت نشد.,shared_libs\core\product\services\product.py,80,"raise ProductNotFoundException(""محصول یافت نشد."")"
Exception,ProductNotFoundException,محصول یافت نشد.,shared_libs\core\product\services\product.py,134,"raise ProductNotFoundException(""محصول یافت نشد."")"
Exception,ProductHasDependencyException,این محصول در بخش‌های دیگر (مانند سفارشات) وابستگی دارد و قابل حذف نیست.,shared_libs\core\product\services\product.py,138,"raise ProductHasDependencyException(""این محصول در بخش‌های دیگر (مانند سفارشات) وابستگی دارد و قابل حذف نیست."")"
Exception,ProductNotFoundException,محصول یافت نشد.,shared_libs\core\product\services\product.py,186,"raise ProductNotFoundException(""محصول یافت نشد."")"
Exception,InvalidProductDataException,ساختار فرمول نامعتبر است (لطفاً علائم ریاضی را چک کنید): ,shared_libs\core\product\services\product.py,342,"raise InvalidProductDataException(f""ساختار فرمول نامعتبر است (لطفاً علائم ریاضی را چک کنید): {expression}"")"
Exception,InvalidProductDataException,متغیر ناشناخته ',shared_libs\core\product\services\product.py,350,"raise InvalidProductDataException(
                        f""متغیر ناشناخته '{var_name}' در فرمول. شما فقط مجاز به استفاده از شناسه‌های فیلد همین محصول هستید (مثلاً: field_12).""
                    )"
Exception,InvalidProductDataException,' در فرمول. شما فقط مجاز به استفاده از شناسه‌های فیلد همین محصول هستید (مثلاً: field_12).,shared_libs\core\product\services\product.py,350,"raise InvalidProductDataException(
                        f""متغیر ناشناخته '{var_name}' در فرمول. شما فقط مجاز به استفاده از شناسه‌های فیلد همین محصول هستید (مثلاً: field_12).""
                    )"
Exception,InvalidProductDataException,استفاده از توابع (Functions) در فرمول مجاز نیست.,shared_libs\core\product\services\product.py,355,"raise InvalidProductDataException(""استفاده از توابع (Functions) در فرمول مجاز نیست."")"
Exception,ProductNotFoundException,محصول یافت نشد.,shared_libs\core\product\services\product.py,365,"raise ProductNotFoundException(""محصول یافت نشد."")"
Exception,InvalidProductDataException,عبارت محاسباتی (calculation_expression) نمی‌تواند خالی باشد.,shared_libs\core\product\services\product.py,377,"raise InvalidProductDataException(""عبارت محاسباتی (calculation_expression) نمی‌تواند خالی باشد."")"
Exception,ProductNotFoundException,محصول مورد نظر برای کپی یافت نشد.,shared_libs\core\product\services\product.py,421,"raise ProductNotFoundException(""محصول مورد نظر برای کپی یافت نشد."")"
Exception,InvalidProductDataException,خطای محاسباتی: تقسیم بر صفر در فرمول محصول وجود دارد.,shared_libs\core\product\services\product_fields.py,44,"raise InvalidProductDataException(""خطای محاسباتی: تقسیم بر صفر در فرمول محصول وجود دارد."")"
Exception,InvalidProductDataException,خطا در تجزیه و محاسبه فرمول: ,shared_libs\core\product\services\product_fields.py,46,"raise InvalidProductDataException(f""خطا در تجزیه و محاسبه فرمول: {str(e)}"")"
Exception,TypeError,ساختار نامعتبر در فرمول ریاضی.,shared_libs\core\product\services\product_fields.py,62,"raise TypeError(""ساختار نامعتبر در فرمول ریاضی."")"
Exception,ValidationError,محصول مورد نظر یافت نشد.,shared_libs\core\product\services\product_fields.py,129,"raise ValidationError(""محصول مورد نظر یافت نشد."")"
Exception,InvalidProductDataException,مقدار انتخابی برای ',shared_libs\core\product\services\product_fields.py,155,"raise InvalidProductDataException(f""مقدار انتخابی برای '{field.field_dict.title}' نامعتبر است."")"
Exception,InvalidProductDataException,' نامعتبر است.,shared_libs\core\product\services\product_fields.py,155,"raise InvalidProductDataException(f""مقدار انتخابی برای '{field.field_dict.title}' نامعتبر است."")"
Exception,InvalidProductDataException,مقدار فیلد ',shared_libs\core\product\services\product_fields.py,166,"raise InvalidProductDataException(f""مقدار فیلد '{field.field_dict.title}' باید عدد باشد."")"
Exception,InvalidProductDataException,' باید عدد باشد.,shared_libs\core\product\services\product_fields.py,166,"raise InvalidProductDataException(f""مقدار فیلد '{field.field_dict.title}' باید عدد باشد."")"
Exception,InvalidProductDataException,پر کردن فیلد ',shared_libs\core\product\services\product_fields.py,172,"raise InvalidProductDataException(f""پر کردن فیلد '{field.field_dict.title}' الزامی است."")"
Exception,InvalidProductDataException,' الزامی است.,shared_libs\core\product\services\product_fields.py,172,"raise InvalidProductDataException(f""پر کردن فیلد '{field.field_dict.title}' الزامی است."")"
Exception,ValueError,شماره تماس الزامی است,shared_libs\core\users\managers\users.py,77,raise ValueError('شماره تماس الزامی است')
Exception,ValidationError,مشتری یافت نشد.,shared_libs\core\users\services\customers.py,28,"raise ValidationError(""مشتری یافت نشد."")"
Exception,ValidationError,مشتری یافت نشد.,shared_libs\core\users\services\customers.py,35,"raise ValidationError(""مشتری یافت نشد."")"
Exception,UsernameAlreadyExistsException,این شماره تماس قبلاً ثبت شده است.,shared_libs\core\users\services\identity.py,22,"raise UsernameAlreadyExistsException(""این شماره تماس قبلاً ثبت شده است."")"
Exception,ValidationError,نقشی با این کد سیستمی وجود دارد.,shared_libs\core\users\services\role_admin.py,21,"raise ValidationError(""نقشی با این کد سیستمی وجود دارد."")"
Exception,ValidationError,نقش یافت نشد.,shared_libs\core\users\services\role_admin.py,41,"raise ValidationError(""نقش یافت نشد."")"
Exception,ValidationError,کد سیستمی تکراری است.,shared_libs\core\users\services\role_admin.py,45,"raise ValidationError(""کد سیستمی تکراری است."")"
Exception,ValidationError,نقش یافت نشد.,shared_libs\core\users\services\role_admin.py,65,"raise ValidationError(""نقش یافت نشد."")"
Exception,ValidationError,نقش ',shared_libs\core\users\services\role_admin.py,69,"raise ValidationError(f""نقش '{role.name}' سیستمی است و قابل حذف نیست."")"
Exception,ValidationError,' سیستمی است و قابل حذف نیست.,shared_libs\core\users\services\role_admin.py,69,"raise ValidationError(f""نقش '{role.name}' سیستمی است و قابل حذف نیست."")"
Exception,ValidationError,این نقش به کاربرانی اختصاص داده شده است. ابتدا نقش آن‌ها را تغییر دهید.,shared_libs\core\users\services\role_admin.py,72,"raise ValidationError(f""این نقش به کاربرانی اختصاص داده شده است. ابتدا نقش آن‌ها را تغییر دهید."")"
Exception,ValidationError,نقش ',shared_libs\core\users\services\role_admin.py,90,"raise ValidationError(f""نقش '{role.name}' سیستمی است و قابل حذف نیست."")"
Exception,ValidationError,' سیستمی است و قابل حذف نیست.,shared_libs\core\users\services\role_admin.py,90,"raise ValidationError(f""نقش '{role.name}' سیستمی است و قابل حذف نیست."")"
Exception,ValidationError,نقش ',shared_libs\core\users\services\role_admin.py,93,"raise ValidationError(
                    f""نقش '{role.name}' به {user_count} کاربر اختصاص داده شده است. ابتدا نقش آن‌ها را تغییر دهید.""
                )"
Exception,ValidationError,' به ,shared_libs\core\users\services\role_admin.py,93,"raise ValidationError(
                    f""نقش '{role.name}' به {user_count} کاربر اختصاص داده شده است. ابتدا نقش آن‌ها را تغییر دهید.""
                )"
Exception,ValidationError, کاربر اختصاص داده شده است. ابتدا نقش آن‌ها را تغییر دهید.,shared_libs\core\users\services\role_admin.py,93,"raise ValidationError(
                    f""نقش '{role.name}' به {user_count} کاربر اختصاص داده شده است. ابتدا نقش آن‌ها را تغییر دهید.""
                )"
Exception,UsernameAlreadyExistsException,نام کاربری تکراری است.,shared_libs\core\users\services\user_admin.py,24,"raise UsernameAlreadyExistsException(""نام کاربری تکراری است."")"
Exception,ValidationError,نقش انتخاب شده نامعتبر است.,shared_libs\core\users\services\user_admin.py,30,"raise ValidationError(""نقش انتخاب شده نامعتبر است."")"
Exception,ValidationError,کارمند یافت نشد.,shared_libs\core\users\services\user_admin.py,53,"raise ValidationError(""کارمند یافت نشد."")"
Exception,UsernameAlreadyExistsException,نام کاربری تکراری است.,shared_libs\core\users\services\user_admin.py,58,"raise UsernameAlreadyExistsException(""نام کاربری تکراری است."")"
Exception,ValidationError,نقش نامعتبر است.,shared_libs\core\users\services\user_admin.py,78,"raise ValidationError(""نقش نامعتبر است."")"
Exception,ValidationError,کاربر یافت نشد.,shared_libs\core\users\services\user_admin.py,90,"raise ValidationError(""کاربر یافت نشد."")"
Exception,ValidationError,حذف سوپریوزر ممکن نیست.,shared_libs\core\users\services\user_admin.py,92,"raise ValidationError(""حذف سوپریوزر ممکن نیست."")"
Exception,ValidationError,نقش مقصد نامعتبر است.,shared_libs\core\users\services\user_admin.py,103,"raise ValidationError(""نقش مقصد نامعتبر است."")"
